P_MemberId,P_AccountId,P_Password
101289957,1103042068,vO=lZ.5Gzgo
101155904,1103042069,vO=lZ.5Gzgo
101696105,1103042070,vO=lZ.5Gzgo
101506336,1103042071,vO=lZ.5Gzgo
101880038,1103042072,vO=lZ.5Gzgo
101942791,1103042073,vO=lZ.5Gzgo
101170846,1103042074,vO=lZ.5Gzgo
101390651,1103042075,vO=lZ.5Gzgo
101160075,1103042076,vO=lZ.5Gzgo
101274032,1103042077,vO=lZ.5Gzgo
101506439,1103042115,vO=lZ.5Gzgo
101220738,1103042117,vO=lZ.5Gzgo
101853155,1103042118,vO=lZ.5Gzgo
101069758,1103042119,vO=lZ.5Gzgo
101178725,1103042120,vO=lZ.5Gzgo
101181898,1103042121,vO=lZ.5Gzgo
101343418,1103042122,vO=lZ.5Gzgo
101493695,1103042126,vO=lZ.5Gzgo
101356837,1103042127,vO=lZ.5Gzgo
101690036,1103042128,vO=lZ.5Gzgo
101399384,1103042129,vO=lZ.5Gzgo
101347222,1103042130,vO=lZ.5Gzgo
101877655,1103042131,vO=lZ.5Gzgo
101252626,1103042132,vO=lZ.5Gzgo
101605660,1103042133,vO=lZ.5Gzgo
101516932,1103042134,vO=lZ.5Gzgo
101134340,1103042137,vO=lZ.5Gzgo
101561158,1103042138,vO=lZ.5Gzgo
101266242,1103042140,vO=lZ.5Gzgo
101898543,1103042141,vO=lZ.5Gzgo
101963196,1103042142,vO=lZ.5Gzgo
101855385,1103042143,vO=lZ.5Gzgo
101127253,1103042144,vO=lZ.5Gzgo
101770066,1103042145,vO=lZ.5Gzgo
101800297,1103042146,vO=lZ.5Gzgo
101296479,1103042147,vO=lZ.5Gzgo
101548256,1103042148,vO=lZ.5Gzgo
101889949,1103042149,vO=lZ.5Gzgo
101189603,1103042151,vO=lZ.5Gzgo
101786928,1103042152,vO=lZ.5Gzgo
101715359,1103042153,vO=lZ.5Gzgo
101205335,1103042154,vO=lZ.5Gzgo
101968443,1103042155,vO=lZ.5Gzgo
101966104,1103042156,vO=lZ.5Gzgo
101225212,1103042157,vO=lZ.5Gzgo
101631359,1103042158,vO=lZ.5Gzgo
101505622,1103042159,vO=lZ.5Gzgo
101490174,1103042160,vO=lZ.5Gzgo
101254688,1103042161,vO=lZ.5Gzgo
101906484,1103042162,vO=lZ.5Gzgo
101297456,1103042164,vO=lZ.5Gzgo
101064517,1103042166,vO=lZ.5Gzgo
101959394,1103042167,vO=lZ.5Gzgo
101223976,1103042168,vO=lZ.5Gzgo
101336060,1103042169,vO=lZ.5Gzgo
101368878,1103042170,vO=lZ.5Gzgo
101256034,1103042171,vO=lZ.5Gzgo
101264563,1103042172,vO=lZ.5Gzgo
101677939,1103042173,vO=lZ.5Gzgo
101570770,1103042175,vO=lZ.5Gzgo
